{"pitch": {"mean": 69.98363167307733, "std": 71.66784448462697}, "energy": {"mean": 21.926969528198242, "std": 42.210445404052734}}